{
  "current-scene": "70850918-1f39-49b8-b90b-9c6746afde6b",
  "gizmos-infos": {
    "is2D": false,
    "is3DIcon": false,
    "iconSize": 2,
    "gridVisible": true,
    "gridColor": [
      150,
      150,
      150,
      255
    ],
    "iconGizmoSize": 2,
    "isGridVisible": true,
    "isIconGizmo3D": false
  },
  "camera-infos": {
    "0b6a1d23-9f52-450f-ab45-b5bb42026c69": {
      "position": {
        "x": 4.606027497020595,
        "y": 4.6060274970205946,
        "z": 4.6060274970205946
      },
      "rotation": {
        "x": -0.27984814233312133,
        "y": 0.3647051996310009,
        "z": 0.11591689595929514,
        "w": 0.8804762392171493
      },
      "viewCenter": {
        "x": 0,
        "y": 0,
        "z": 0
      }
    },
    "7211b3f8-2efc-413b-8b43-4e20d6283907": {
      "position": {
        "x": 0.9204828132252104,
        "y": 0.9204828132252104,
        "z": 0.9204828132252107
      },
      "rotation": {
        "w": 0.8804762392171493,
        "x": -0.27984814233312133,
        "y": 0.3647051996310009,
        "z": 0.11591689595929514
      },
      "viewCenter": {
        "x": 0,
        "y": 0,
        "z": 0
      }
    },
    "f46876e4-e81b-4931-b493-6d367be385e7": {
      "position": {
        "x": 50,
        "y": 50,
        "z": 50
      },
      "rotation": {
        "x": -0.27984814233312133,
        "y": 0.3647051996310009,
        "z": 0.11591689595929514,
        "w": 0.8804762392171493
      },
      "viewCenter": {
        "x": 0,
        "y": 0,
        "z": 0
      }
    },
    "70850918-1f39-49b8-b90b-9c6746afde6b": {
      "position": {
        "x": 1.4650323864170218,
        "y": 1.79889178949729,
        "z": 2.084465147740218
      },
      "rotation": {
        "x": -0.2884871286025836,
        "y": 0.28741057835053585,
        "z": 0.09123882932630012,
        "w": 0.9087605911933094
      },
      "viewCenter": {
        "x": 0,
        "y": 0,
        "z": 0
      }
    }
  },
  "camera-uuids": [
    "70850918-1f39-49b8-b90b-9c6746afde6b"
  ],
  "float-window": {
    "position": {
      "cc": {
        "Camera": {
          "dock": false,
          "top": null,
          "bottom": 10,
          "left": null,
          "right": 10
        }
      }
    }
  },
  "__version__": "1.0.0",
  "camera": {
    "fov": 45,
    "far": 10000,
    "near": 0.01,
    "color": [
      48,
      48,
      48,
      255
    ],
    "wheelSpeed": 0.01,
    "wanderSpeed": 10,
    "enableAcceleration": true,
    "far2D": 10000,
    "near2D": 1,
    "wheelSpeed2D": 6
  }
}
