{
  "__type__": "cc.Skeleton",
  "_name": "Skin-0",
  "_objFlags": 0,
  "_native": "",
  "_joints": [
    "RootNode/Bone019(mirrored)",
    "RootNode/Bone010(mirrored)",
    "RootNode/Bone018(mirrored)",
    "RootNode/Bone017(mirrored)",
    "RootNode/Bone014(mirrored)",
    "RootNode/Bone015(mirrored)",
    "RootNode/Bone011(mirrored)",
    "RootNode/Bone012(mirrored)",
    "RootNode/Bone009(mirrored)",
    "RootNode/Bone020(mirrored)",
    "RootNode/Bone019",
    "RootNode/Bone010",
    "RootNode/Bone018",
    "RootNode/Bone017",
    "RootNode/Bone014",
    "RootNode/Bone015",
    "RootNode/Bone011",
    "RootNode/Bone012",
    "RootNode/Bone009",
    "RootNode/Bone020",
    "RootNode/Bone021",
    "RootNode/Bone007",
    "RootNode/Bone026",
    "RootNode/Bone008(mirrored)",
    "RootNode/Bone024",
    "RootNode/Bone008",
    "RootNode/Bone006",
    "RootNode/Bone003",
    "RootNode/Bone003(mirrored)",
    "RootNode/Bone024/Bone025",
    "RootNode/Bone026/Bone027",
    "RootNode/Bone001"
  ],
  "_bindposes": [
    {
      "__type__": "cc.Mat4",
      "m00": -0.395110160112381,
      "m01": 0.3478977084159851,
      "m02": 0.8502088785171509,
      "m03": 0,
      "m04": -0.6626148819923401,
      "m05": 0.5330969095230103,
      "m06": -0.5260695815086365,
      "m07": 0,
      "m08": -0.6362622380256653,
      "m09": -0.7712163925170898,
      "m10": 0.01989022083580494,
      "m11": 0,
      "m12": 0.12369401752948761,
      "m13": 0.02083832398056984,
      "m14": -0.189554363489151,
      "m15": 1
    },
    {
      "__type__": "cc.Mat4",
      "m00": 0.3771417438983917,
      "m01": -0.8145945072174072,
      "m02": 0.4406813979148865,
      "m03": 0,
      "m04": -0.3000294268131256,
      "m05": 0.34270012378692627,
      "m06": 0.890246570110321,
      "m07": 0,
      "m08": -0.8762115240097046,
      "m09": -0.46796661615371704,
      "m10": -0.11515574157238007,
      "m11": 0,
      "m12": 0.026537928730249405,
      "m13": 0.24444954097270966,
      "m14": -0.08969147503376007,
      "m15": 1
    },
    {
      "__type__": "cc.Mat4",
      "m00": -0.35163965821266174,
      "m01": -0.8090997338294983,
      "m02": 0.47085776925086975,
      "m03": 0,
      "m04": -0.014799516648054123,
      "m05": 0.5077221989631653,
      "m06": 0.8613936901092529,
      "m07": 0,
      "m08": -0.9360183477401733,
      "m09": 0.29593172669410706,
      "m10": -0.1905095875263214,
      "m11": 0,
      "m12": 0.13813896477222443,
      "m13": 0.21330884099006653,
      "m14": -0.06692685186862946,
      "m15": 1
    },
    {
      "__type__": "cc.Mat4",
      "m00": 0.33787277340888977,
      "m01": -0.8149441480636597,
      "m02": 0.4708586633205414,
      "m03": 0,
      "m04": -0.37555789947509766,
      "m05": 0.34199121594429016,
      "m06": 0.8613930344581604,
      "m07": 0,
      "m08": -0.8630168437957764,
      "m09": -0.4678760766983032,
      "m10": -0.1905091404914856,
      "m11": 0,
      "m12": -0.032027438282966614,
      "m13": 0.2475368082523346,
      "m14": -0.06692709028720856,
      "m15": 1
    },
    {
      "__type__": "cc.Mat4",
      "m00": 0.356566846370697,
      "m01": -0.8149420619010925,
      "m02": 0.4568694531917572,
      "m03": 0,
      "m04": -0.3405652642250061,
      "m05": 0.34198856353759766,
      "m06": 0.875819206237793,
      "m07": 0,
      "m08": -0.8699861764907837,
      "m09": -0.46788182854652405,
      "m10": -0.15559911727905273,
      "m11": 0,
      "m12": -0.03295106440782547,
      "m13": 0.24452055990695953,
      "m14": -0.09110435098409653,
      "m15": 1
    },
    {
      "__type__": "cc.Mat4",
      "m00": -0.35608160495758057,
      "m01": -0.8103499412536621,
      "m02": 0.4653373956680298,
      "m03": 0,
      "m04": 0.02758575789630413,
      "m05": 0.4886447489261627,
      "m06": 0.8720465898513794,
      "m07": 0,
      "m08": -0.9340476989746094,
      "m09": 0.32335641980171204,
      "m10": -0.15164323151111603,
      "m11": 0,
      "m12": 0.1423538774251938,
      "m13": 0.20513908565044403,
      "m14": -0.09360089153051376,
      "m15": 1
    },
    {
      "__type__": "cc.Mat4",
      "m00": 0.21139830350875854,
      "m01": -0.888485312461853,
      "m02": 0.40731391310691833,
      "m03": 0,
      "m04": -0.1395818144083023,
      "m05": 0.38501739501953125,
      "m06": 0.9122928977012634,
      "m07": 0,
      "m08": -0.9673817753791809,
      "m09": -0.2497108429670334,
      "m10": -0.04262436181306839,
      "m11": 0,
      "m12": 0.012494663707911968,
      "m13": 0.24842838943004608,
      "m14": -0.11399368196725845,
      "m15": 1
    },
    {
      "__type__": "cc.Mat4",
      "m00": -0.1060771718621254,
      "m01": -0.9071070551872253,
      "m02": 0.40731313824653625,
      "m03": 0,
      "m04": 0.0009035097318701446,
      "m05": 0.409536212682724,
      "m06": 0.9122931957244873,
      "m07": 0,
      "m08": -0.9943576455116272,
      "m09": 0.09714148193597794,
      "m10": -0.04262286052107811,
      "m11": 0,
      "m12": 0.08006579428911209,
      "m13": 0.23523570597171783,
      "m14": -0.1139935851097107,
      "m15": 1
    },
    {
      "__type__": "cc.Mat4",
      "m00": 0.24961337447166443,
      "m01": 0.3557002544403076,
      "m02": 0.9006500244140625,
      "m03": 0,
      "m04": -0.4304064214229584,
      "m05": 0.8739213347434998,
      "m06": -0.22585779428482056,
      "m07": 0,
      "m08": -0.8674349784851074,
      "m09": -0.33126842975616455,
      "m10": 0.3712380826473236,
      "m11": 0,
      "m12": 0.16196611523628235,
      "m13": -0.042679838836193085,
      "m14": -0.2522818446159363,
      "m15": 1
    },
    {
      "__type__": "cc.Mat4",
      "m00": -0.23314811289310455,
      "m01": 0.4720027446746826,
      "m02": 0.8502088785171509,
      "m03": 0,
      "m04": -0.4101395010948181,
      "m05": 0.7450074553489685,
      "m06": -0.5260694622993469,
      "m07": 0,
      "m08": -0.8817183375358582,
      "m09": -0.4713563024997711,
      "m10": 0.01988988183438778,
      "m11": 0,
      "m12": 0.1021144688129425,
      "m13": -0.01945059560239315,
      "m14": -0.18955430388450623,
      "m15": 1
    },
    {
      "__type__": "cc.Mat4",
      "m00": 0.3951120972633362,
      "m01": -0.347898930311203,
      "m02": 0.8502074480056763,
      "m03": 0,
      "m04": -0.6626129746437073,
      "m05": 0.5330972075462341,
      "m06": 0.5260718464851379,
      "m07": 0,
      "m08": -0.6362630128860474,
      "m09": -0.7712158560752869,
      "m10": -0.019889188930392265,
      "m11": 0,
      "m12": 0.12368742376565933,
      "m13": 0.02084427699446678,
      "m14": 0.189539834856987,
      "m15": 1
    },
    {
      "__type__": "cc.Mat4",
      "m00": -0.3771420121192932,
      "m01": 0.8145933151245117,
      "m02": 0.44068315625190735,
      "m03": 0,
      "m04": -0.30002784729003906,
      "m05": 0.3427027463912964,
      "m06": -0.8902460932731628,
      "m07": 0,
      "m08": -0.8762118220329285,
      "m09": -0.4679664373397827,
      "m10": 0.11515308171510696,
      "m11": 0,
      "m12": 0.026544110849499702,
      "m13": 0.244435653090477,
      "m14": 0.08968418091535568,
      "m15": 1
    },
    {
      "__type__": "cc.Mat4",
      "m00": 0.35164129734039307,
      "m01": 0.8090983629226685,
      "m02": 0.470858633518219,
      "m03": 0,
      "m04": -0.014793287962675095,
      "m05": 0.5077216029167175,
      "m06": -0.8613941073417664,
      "m07": 0,
      "m08": -0.9360172748565674,
      "m09": 0.29593634605407715,
      "m10": 0.1905052363872528,
      "m11": 0,
      "m12": 0.13813358545303345,
      "m13": 0.21329472959041595,
      "m14": 0.06691864132881165,
      "m15": 1
    },
    {
      "__type__": "cc.Mat4",
      "m00": -0.3378722667694092,
      "m01": 0.8149445056915283,
      "m02": 0.47085845470428467,
      "m03": 0,
      "m04": -0.3755539655685425,
      "m05": 0.341993123292923,
      "m06": -0.8613941669464111,
      "m07": 0,
      "m08": -0.8630188703536987,