{
  "current-scene": "70850918-1f39-49b8-b90b-9c6746afde6b",
  "gizmos-infos": {
    "gridColor": [
      150,
      150,
      150,
      255
    ],
    "gridVisible": true,
    "iconGizmoSize": 2,
    "iconSize": 2,
    "is2D": false,
    "is3DIcon": false,
    "isGridVisible": true,
    "isIconGizmo3D": false
  },
  "camera-infos": {
    "0b6a1d23-9f52-450f-ab45-b5bb42026c69": {
      "position": {
        "x": 1.732050807568875,
        "y": 1.732050807568875,
        "z": 1.732050807568875
      },
      "rotation": {
        "w": 0.8804762392171493,
        "x": -0.27984814233312133,
        "y": 0.3647051996310009,
        "z": 0.11591689595929514
      },
      "viewCenter": {
        "x": 0,
        "y": 0,
        "z": 0
      }
    },
    "7211b3f8-2efc-413b-8b43-4e20d6283907": {
      "position": {
        "x": 0.9204828132252104,
        "y": 0.9204828132252104,
        "z": 0.9204828132252107
      },
      "rotation": {
        "w": 0.8804762392171493,
        "x": -0.27984814233312133,
        "y": 0.3647051996310009,
        "z": 0.11591689595929514
      },
      "viewCenter": {
        "x": 0,
        "y": 0,
        "z": 0
      }
    },
    "f46876e4-e81b-4931-b493-6d367be385e7": {
      "position": {
        "x": 0.8229251654018446,
        "y": 1.5628548509998261,
        "z": 2.1250750375074983
      },
      "rotation": {
        "w": 0.9569271912918853,
        "x": -0.20972620530486033,
        "y": 0.196107071450224,
        "z": 0.0429800640038503
      },
      "viewCenter": {
        "x": -0.24895169468646827,
        "y": 0.3081264326084867,
        "z": -0.3802665745060736
      }
    }
  },
  "camera-uuids": [
    "f46876e4-e81b-4931-b493-6d367be385e7"
  ],
  "float-window": {
    "position": {
      "cc": {
        "Camera": {
          "bottom": 10,
          "dock": false,
          "left": null,
          "right": 10,
          "top": null
        }
      }
    }
  },
  "__version__": "1.0.0"
}
