{
  "__type__": "cc.Skeleton",
  "_name": "Skin-2",
  "_objFlags": 0,
  "_native": "",
  "_joints": [
    "RootNode/Bip001/Bip001 Pelvis/Bip001 Spine/Bip001 Spine1/Bip001 Neck/Bip001 L Clavicle/Bip001 L UpperArm/Bip001 L Forearm/Bip001 L Hand/sword01"
  ],
  "_bindposes": [
    {
      "__type__": "cc.Mat4",
      "m00": -0.000007191588792920811,
      "m01": -0.00005849258377566002,
      "m02": -87.7490005493164,
      "m03": 0,
      "m04": 24.115726470947266,
      "m05": -84.3700942993164,
      "m06": 0.0000542638408660423,
      "m07": 0,
      "m08": -84.37010192871094,
      "m09": -24.115724563598633,
      "m10": 0.000022989974240772426,
      "m11": 0,
      "m12": -0.00041664036689326167,
      "m13": -0.5413689017295837,
      "m14": 0.47052377462387085,
      "m15": 1
    }
  ],
  "_hash": 1928083474
}