{
  "__type__": "cc.Skeleton",
  "_name": "Skin-0",
  "_objFlags": 0,
  "_native": "",
  "_joints": [
    "RootNode/Bip001/Bip001 Pelvis/Bip001 Spine/Bip001 L Thigh",
    "RootNode/Bip001/Bip001 Pelvis/Bip001 Spine/Bip001 R Thigh",
    "RootNode/Bip001/Bip001 Pelvis",
    "RootNode/Bip001/Bip001 Pelvis/Bip001 Spine",
    "RootNode/Bip001/Bip001 Pelvis/Bip001 Spine/Bip001 R Thigh/Bip001 R Calf",
    "RootNode/Bip001",
    "RootNode/Bip001/Bip001 Pelvis/Bip001 Spine/Bip001 L Thigh/Bip001 L Calf",
    "RootNode/Bip001/Bip001 Pelvis/Bip001 Spine/Bip001 R Thigh/Bip001 R Calf/Bip001 R Foot",
    "RootNode/Bip001/Bip001 Pelvis/Bip001 Spine/Bip001 Spine1/Bip001 Neck/Bip001 Head/Bip001 HeadNub",
    "RootNode/Bip001/Bip001 Pelvis/Bip001 Spine/Bip001 Spine1/Bip001 Neck/Bip001 Head",
    "RootNode/Bip001/Bip001 Pelvis/Bip001 Spine/Bip001 Spine1/Bip001 Neck/Bip001 R Clavicle",
    "RootNode/Bip001/Bip001 Pelvis/Bip001 Spine/Bip001 Spine1/Bip001 Neck/Bip001 L Clavicle",
    "RootNode/Bip001/Bip001 Pelvis/Bip001 Spine/Bip001 Spine1",
    "RootNode/Bip001/Bip001 Pelvis/Bip001 Spine/Bip001 Spine1/Bip001 Neck",
    "RootNode/Bip001/Bip001 Pelvis/Bip001 Spine/Bip001 L Thigh/Bip001 L Calf/Bip001 L Foot",
    "RootNode/Bip001/Bip001 Pelvis/Bip001 Spine/Bip001 Spine1/Bip001 Neck/Bip001 L Clavicle/Bip001 L UpperArm",
    "RootNode/Bip001/Bip001 Pelvis/Bip001 Spine/Bip001 Spine1/Bip001 Neck/Bip001 R Clavicle/Bip001 R UpperArm",
    "RootNode/Bip001/Bip001 Pelvis/Bip001 Spine/Bip001 Spine1/Bip001 Neck/Bip001 L Clavicle/Bip001 L UpperArm/Bip001 L Forearm",
    "RootNode/Bip001/Bip001 Pelvis/Bip001 Spine/Bip001 Spine1/Bip001 Neck/Bip001 L Clavicle/Bip001 L UpperArm/Bip001 L Forearm/Bip001 L Hand",
    "RootNode/Bip001/Bip001 Pelvis/Bip001 Spine/Bip001 Spine1/Bip001 Neck/Bip001 R Clavicle/Bip001 R UpperArm/Bip001 R Forearm",
    "RootNode/Bip001/Bip001 Pelvis/Bip001 Spine/Bip001 Spine1/Bip001 Neck/Bip001 R Clavicle/Bip001 R UpperArm/Bip001 R Forearm/Bip001 R Hand",
    "RootNode/Bip001/Bip001 Pelvis/Bip001 Spine/Bip001 Spine1/Bip001 Neck/Bip001 R Clavicle/Bip001 R UpperArm/Bip001 R Forearm/Bip001 R Hand/shield01"
  ],
  "_bindposes": [
    {
      "__type__": "cc.Mat4",
      "m00": 13.330132484436035,
      "m01": 0.5659459233283997,
      "m02": -86.72872161865234,
      "m03": 0,
      "m04": 86.68508911132812,
      "m05": 2.7542707920074463,
      "m06": 13.341398239135742,
      "m07": 0,
      "m08": 2.808293342590332,
      "m09": -87.70392608642578,
      "m10": -0.14067713916301727,
      "m11": 0,
      "m12": 0.719279408454895,
      "m13": 0.022746119648218155,
      "m14": 0.1780078411102295,
      "m15": 1
    },
    {
      "__type__": "cc.Mat4",
      "m00": -13.330143928527832,
      "m01": -0.5657054781913757,
      "m02": -86.72872924804688,
      "m03": 0,
      "m04": 86.68508911132812,
      "m05": 2.7542707920074463,
      "m06": -13.34140396118164,
      "m07": 0,
      "m08": 2.8082568645477295,
      "m09": -87.70392608642578,
      "m10": 0.14043928682804108,
      "m11": 0,
      "m12": 0.7192792892456055,
      "m13": 0.022746119648218155,
      "m14": -0.17800788581371307,
      "m15": 1
    },
    {
      "__type__": "cc.Mat4",
      "m00": 0.00012169029650976881,
      "m01": 0.0002419860102236271,
      "m02": 87.74899291992188,
      "m03": 0,
      "m04": -87.74898529052734,
      "m05": -0.00001708502350084018,
      "m06": 0.00012169034744147211,
      "m07": 0,
      "m08": 0.000017085358194890432,
      "m09": -87.74899291992188,
      "m10": 0.0002419859665678814,
      "m11": 0,
      "m12": -0.738336980342865,
      "m13": 6.5663993339959426e-12,
      "m14": 0.0000010239258472211077,
      "m15": 1
    },
    {
      "__type__": "cc.Mat4",
      "m00": 9.57883514729474e-8,
      "m01": -0.00012308494478929788,
      "m02": 87.74899291992188,
      "m03": 0,
      "m04": -87.74895477294922,
      "m05": 0.06985900551080704,
      "m06": 1.9377911542051152e-7,
      "m07": 0,
      "m08": -0.06985900551080704,
      "m09": -87.74896240234375,
      "m10": -0.00012308482837397605,
      "m11": 0,
      "m12": -0.8148396015167236,
      "m13": 0.0007684377487748861,
      "m14": 2.1313388831600832e-9,
      "m15": 1
    },
    {
      "__type__": "cc.Mat4",
      "m00": -13.329378128051758,
      "m01": -0.5835267305374146,
      "m02": -86.72872924804688,
      "m03": 0,
      "m04": 86.68132781982422,
      "m05": 2.870192527770996,
      "m06": -13.341405868530273,
      "m07": 0,
      "m08": 2.9255402088165283,
      "m09": -87.7000961303711,
      "m10": 0.14043459296226501,
      "m11": 0,
      "m12": 0.3512277603149414,
      "m13": 0.023215843364596367,
      "m14": -0.17800790071487427,
      "m15": 1
    },
    {
      "__type__": "cc.Mat4",
      "m00": 0.00012029569188598543,
      "m01": 87.74899291992188,
      "m02": -5.373075573876507e-15,
      "m03": 0,
      "m04": -0.000017085358194890432,
      "m05": 2.3417063427233487e-11,
      "m06": -87.74898529052734,
      "m07": 0,
      "m08": -87.74899291992188,
      "m09": 0.00012029569188598543,
      "m10": 0.000017085358194890432,
      "m11": 0,
      "m12": 3.742711869592075e-12,
      "m13": -5.034101432245029e-17,
      "m14": -0.738336980342865,
      "m15": 1
    },
    {
      "__type__": "cc.Mat4",
      "m00": 13.329362869262695,
      "m01": 0.5837728977203369,
      "m02": -86.72872161865234,
      "m03": 0,
      "m04": 86.68132781982422,
      "m05": 2.870190143585205,
      "m06": 13.341397285461426,
      "m07": 0,
      "m08": 2.9255752563476562,
      "m09": -87.7000961303711,
      "m10": -0.14067858457565308,
      "m11": 0,
      "m12": 0.3512278199195862,
      "m13": 0.023215826600790024,
      "m14": 0.1780078411102295,
      "m15": 1
    },
    {
      "__type__": "cc.Mat4",
      "m00": 0.000003835630195681006,
      "m01": 0.00012029569188598543,
      "m02": -87.74899291992188,
      "m03": 0,
      "m04": 87.74898529052734,
      "m05": -0.000017085363651858643,
      "m06": 0.0000038356070035661105,
      "m07": 0,
      "m08": -0.000017085358194890432,
      "m09": -87.74899291992188,
      "m10": -0.00012029569188598543,
      "m11": 0,
      "m12": 0.08038292825222015,
      "m13": 0.021714111790060997,
      "m14": -0.16770152747631073,
      "m15": 1
    },
    {
      "__type__": "cc.Mat4",
      "m00": 0.0001178546590381302,
      "m01": -0.00012308491568546742,
      "m02": 87.74899291992188,
      "m03": 0,
      "m04": -87.74898529052734,
      "m05": -0.000017085523722926155,
      "m06": 0.00011785465176217258,
      "m07": 0,
      "m08": 0.000017085358194890432,
      "m09": -87.74899291992188,
      "m10": -0.00012308494478929788,
      "m11": 0,
      "m12": -1.6451982259750366,
      "m13": 5.87142210406455e-7,
      "m14": 0.0000022096469365351368,
      "m15": 1
    },
    {
      "__type__": "cc.Mat4",
      "m00": 0.0001178546590381302,
      "m01": -0.00012308491568546742,
      "m02": 87.74899291992188,
      "m03": 0,
      "m04": -87.74898529052734,
      "m05": -0.000017085523722926155,
      "m06": 0.00011785465176217258,
      "m07": 0,
      "m08": 0.000017085358194890432,
      "m09": -87.74899291992188,
      "m10": -0.00012308494478929788,
      "m11": 0,
      "m12": -1.1699634790420532,
      "m13": -5.1139195988980646e-8,
      "m14": 0.0000015713648053861107,
      "m15": 1
    },
    {
      "__type__": "cc.Mat4",
      "m00": -84.7590103149414,
      "m01": -0.00011930296022910625,
      "m02": 22.711111068725586,
      "m03": 0,
      "m04": 22.711111068725586,
      "m05": 0.000016954663806245662,
      "m06": 84.7590103149414,
      "m07": 0,
      "m08": -0.00011962600547121838,
      "m09": 87.74899291992188,
      "m10": 0.00001450093350285897,
      "m11": 0,
      "m12": 0.26615607738494873,
      "m13": 4.7347434417588374e-8,
      "m14": 1.0832682847976685,
      "m15": 1
    },
    {
      "__type__": "cc.Mat4",
      "m00": 84.7590103149414,
      "m01": -0.00012128843081882223,