{
  "__type__": "cc.Skeleton",
  "_name": "Skin-3",
  "_objFlags": 0,
  "_native": "",
  "_joints": [
    "RootNode/Bip001/Bip001 Pelvis/Bip001 Spine/Bip001 Spine1/Bip001 Neck/Bip001 R Clavicle/Bip001 R UpperArm/Bip001 R Forearm/Bip001 R Hand/shield01"
  ],
  "_bindposes": [
    {
      "__type__": "cc.Mat4",
      "m00": -26.09381103515625,
      "m01": 47.70235824584961,
      "m02": -68.8729248046875,
      "m03": 0,
      "m04": 72.14216613769531,
      "m05": -23.883501052856445,
      "m06": -43.87446594238281,
      "m07": 0,
      "m08": -42.59699249267578,
      "m09": -69.6702651977539,
      "m10": -32.11592483520508,
      "m11": 0,
      "m12": 0.24138452112674713,
      "m13": 0.08198083937168121,
      "m14": -0.6857008934020996,
      "m15": 1
    }
  ],
  "_hash": 3487038830
}