{
  "scene": {
    "native": false
  },
  "gizmos-infos": {
    "is2D": false,
    "is3DIcon": false,
    "iconSize": 2,
    "gridVisible": true,
    "gridColor": [
      150,
      150,
      150,
      255
    ],
    "isIconGizmo3D": false,
    "iconGizmoSize": 2,
    "isGridVisible": true
  },
  "camera": {
    "fov": 45,
    "far": 10000,
    "near": 0.01,
    "color": [
      48,
      48,
      48,
      255
    ],
    "wheelSpeed": 0.01,
    "wanderSpeed": 10,
    "enableAcceleration": true,
    "far2D": 10000,
    "near2D": 1,
    "wheelSpeed2D": 6,
    "size": "__default_design__"
  },
  "camera-infos": {
    "f46876e4-e81b-4931-b493-6d367be385e7": {
      "position": {
        "x": 50,
        "y": 50,
        "z": 50
      },
      "rotation": {
        "x": -0.27984814233312133,
        "y": 0.3647051996310009,
        "z": 0.11591689595929514,
        "w": 0.8804762392171493
      },
      "viewCenter": {
        "x": 0,
        "y": 0,
        "z": 0
      }
    },
    "16a1a925-add2-41b2-97db-1ef7958846f0": {
      "position": {
        "x": 0.2979392886547434,
        "y": 0.734813934849288,
        "z": 7.175419031607679
      },
      "rotation": {
        "x": 0.014068638995870962,
        "y": -0.05192294207568002,
        "z": 0.0007315446058607112,
        "w": 0.9985517244116597
      },
      "viewCenter": {
        "x": 0.9551002190761391,
        "y": 0.913390067750835,
        "z": 0.8734368639975401
      }
    }
  },
  "camera-uuids": [
    "16a1a925-add2-41b2-97db-1ef7958846f0"
  ],
  "float-window": {
    "position": {
      "cc": {
        "Camera": {
          "dock": false,
          "top": null,
          "bottom": 10,
          "left": null,
          "right": 10
        }
      }
    }
  }
}
