{
  "__version__": "1.0.0",
  "current-scene": "01589e41-c18f-4b4c-bbaf-74493f9cf632",
  "gizmos-infos": {
    "is2D": false,
    "is3DIcon": false,
    "iconSize": 2,
    "gridVisible": true,
    "gridColor": [
      150,
      150,
      150,
      255
    ],
    "isIconGizmo3D": false,
    "iconGizmoSize": 2,
    "isGridVisible": true
  },
  "float-window": {
    "position": {
      "cc": {
        "Camera": {
          "dock": false,
          "top": null,
          "bottom": 10,
          "left": null,
          "right": 10
        }
      }
    }
  },
  "camera-infos": {
    "01589e41-c18f-4b4c-bbaf-74493f9cf632": {
      "position": {
        "x": 24.162009643665705,
        "y": 20.162009643665726,
        "z": 24.16200964366572
      },
      "rotation": {
        "x": -0.27984814233312133,
        "y": 0.3647051996310009,
        "z": 0.11591689595929514,
        "w": 0.8804762392171493
      },
      "viewCenter": {
        "x": 2,
        "y": -2,
        "z": 2
      }
    }
  },
  "camera-uuids": [
    "01589e41-c18f-4b4c-bbaf-74493f9cf632"
  ]
}
