{
  "gizmos-infos": {
    "is2D": false,
    "is3DIcon": false,
    "iconSize": 2,
    "gridVisible": true,
    "gridColor": [
      150,
      150,
      150,
      255
    ],
    "isIconGizmo3D": false,
    "iconGizmoSize": 2,
    "isGridVisible": true
  },
  "camera": {
    "fov": 45,
    "far": 10000,
    "near": 0.01,
    "color": [
      48,
      48,
      48,
      255
    ],
    "wheelSpeed": 0.01,
    "wanderSpeed": 10,
    "enableAcceleration": true,
    "far2D": 10000,
    "near2D": 1,
    "wheelSpeed2D": 6,
    "size": "__default_design__"
  },
  "camera-infos": {
    "f46876e4-e81b-4931-b493-6d367be385e7": {
      "position": {
        "x": 50,
        "y": 50,
        "z": 50
      },
      "rotation": {
        "x": -0.27984814233312133,
        "y": 0.3647051996310009,
        "z": 0.11591689595929514,
        "w": 0.8804762392171493
      },
      "viewCenter": {
        "x": 0,
        "y": 0,
        "z": 0
      }
    },
    "8fca8a04-08e1-44ae-87fa-c724df71d197": {
      "position": {
        "x": -24.205886663998868,
        "y": 33.608492010744214,
        "z": 31.225661561834244
      },
      "rotation": {
        "x": -0.2458069671170946,
        "y": -0.6569904105342137,
        "z": -0.24074323324136182,
        "w": 0.6708093850202725
      },
      "viewCenter": {
        "x": -1.4944219365121043,
        "y": 14.378303691013873,
        "z": 30.75287469931986
      }
    }
  },
  "camera-uuids": [
    "8fca8a04-08e1-44ae-87fa-c724df71d197"
  ],
  "d5aBo+LA9AbamRuze+20JF": {
    "layer": 0,
    "sculpt_brush": "",
    "paint_brush": "",
    "sculpt": {
      "radius": 1,
      "strength": 5
    },
    "paint": {
      "radius": 5,
      "strength": 5
    }
  },
  "float-window": {
    "position": {
      "cc": {
        "Terrain": {
          "dock": false,
          "top": null,
          "bottom": 10,
          "left": null,
          "right": 10
        },
        "Camera": {
          "dock": false,
          "top": null,
          "bottom": 10,
          "left": null,
          "right": 10
        }
      }
    }
  },
  "scene": {
    "native": false
  },
  "22seNm30dLjo3txmHZazVt": {
    "sculpt": {
      "radius": 1,
      "strength": 5
    },
    "paint": {
      "radius": 5,
      "strength": 5
    },
    "sculpt_brush": "",
    "paint_brush": ""
  },
  "bdKCUEv+lPqbZR0j6O89bK": {
    "sculpt": {
      "radius": 1,
      "strength": 5
    },
    "paint": {
      "radius": 5,
      "strength": 5
    },
    "sculpt_brush": "",
    "paint_brush": ""
  },
  "01XHhhP6xN0pEeWqgMgPuK": {
    "sculpt": {
      "radius": 1,
      "strength": 5
    },
    "paint": {
      "radius": 5,
      "strength": 5
    },
    "sculpt_brush": "",
    "paint_brush": ""
  },
  "__version__": "1.0.0",
  "builder": {},
  "": {
    "sculpt_brush_rotate": 0
  }
}
