{
  "__version__": "1.0.0",
  "current-scene": "3f4aed90-3331-4700-be51-3663e946ca8f",
  "gizmos-infos": {
    "is2D": false,
    "is3DIcon": false,
    "iconSize": 2,
    "gridVisible": true,
    "gridColor": [
      150,
      150,
      150,
      255
    ],
    "isIconGizmo3D": false,
    "iconGizmoSize": 2,
    "isGridVisible": true
  },
  "camera-infos": {
    "f46876e4-e81b-4931-b493-6d367be385e7": {
      "position": {
        "x": 50,
        "y": 50,
        "z": 50
      },
      "rotation": {
        "x": -0.27984814233312133,
        "y": 0.3647051996310009,
        "z": 0.11591689595929514,
        "w": 0.8804762392171493
      },
      "viewCenter": {
        "x": 0,
        "y": 0,
        "z": 0
      }
    },
    "315d234e-d489-4704-81bc-3cf1c6cf9ebe": {
      "position": {
        "x": 7.312372890665637,
        "y": 7.312372890665665,
        "z": 7.312372890665666
      },
      "rotation": {
        "x": -0.27984814233312133,
        "y": 0.3647051996310009,
        "z": 0.11591689595929514,
        "w": 0.8804762392171493
      },
      "viewCenter": {
        "x": 0,
        "y": 0,
        "z": 0
      }
    },
    "3f4aed90-3331-4700-be51-3663e946ca8f": {
      "position": {
        "x": 0,
        "y": 154.67683996753735,
        "z": -72
      },
      "rotation": {
        "x": -0.7071067811865475,
        "y": 0,
        "z": 0,
        "w": 0.7071067811865475
      },
      "viewCenter": {
        "x": 0,
        "y": 0,
        "z": -72
      }
    }
  },
  "camera-uuids": [
    "3f4aed90-3331-4700-be51-3663e946ca8f"
  ],
  "float-window": {
    "position": {
      "cc": {
        "Camera": {
          "dock": false,
          "top": null,
          "bottom": 10,
          "left": null,
          "right": 10
        }
      }
    }
  }
}
