{
  "__version__": "1.0.0",
  "current-scene": "",
  "gizmos-infos": {
    "is2D": false,
    "is3DIcon": false,
    "iconSize": 2,
    "gridVisible": true,
    "gridColor": [
      150,
      150,
      150,
      255
    ],
    "isIconGizmo3D": false,
    "iconGizmoSize": 2,
    "isGridVisible": true
  },
  "camera-infos": {
    "f46876e4-e81b-4931-b493-6d367be385e7": {
      "position": {
        "x": 50,
        "y": 50,
        "z": 50
      },
      "rotation": {
        "x": -0.27984814233312133,
        "y": 0.3647051996310009,
        "z": 0.11591689595929514,
        "w": 0.8804762392171493
      },
      "viewCenter": {
        "x": 0,
        "y": 0,
        "z": 0
      }
    },
    "5900e1eb-72ce-40f2-9d4c-f05dc0458f01": {
      "position": {
        "x": -11.61211393493737,
        "y": 2.048000000000002,
        "z": -1.0009999999999977
      },
      "rotation": {
        "x": 0,
        "y": -0.7071067811865475,
        "z": 0,
        "w": 0.7071067811865475
      },
      "viewCenter": {
        "x": -0.12,
        "y": 2.048,
        "z": -1.001
      }
    }
  },
  "camera-uuids": [
    "5900e1eb-72ce-40f2-9d4c-f05dc0458f01"
  ],
  "float-window": {
    "position": {
      "cc": {
        "Camera": {
          "dock": false,
          "top": null,
          "bottom": 10,
          "left": null,
          "right": 10
        }
      }
    }
  },
  "camera": {
    "fov": 45,
    "far": 10000,
    "near": 0.01,
    "color": [
      48,
      48,
      48,
      255
    ],
    "wheelSpeed": 0.01,
    "wanderSpeed": 10,
    "enableAcceleration": true,
    "far2D": 10000,
    "near2D": 1,
    "wheelSpeed2D": 6
  }
}
