{
  "__type__": "cc.Skeleton",
  "_name": "Skin-1",
  "_objFlags": 0,
  "_native": "",
  "_joints": [
    "RootNode/Bip002/Bip002 Pelvis/Bip002 Spine/Bip002 Spine1"
  ],
  "_bindposes": [
    {
      "__type__": "cc.Mat4",
      "m00": -8.326288281068628e-8,
      "m01": -0.0000014052245660423068,
      "m02": 1,
      "m03": 0,
      "m04": 0.06073557585477829,
      "m05": -0.9981538653373718,
      "m06": -0.0000013975733281768044,
      "m07": 0,
      "m08": 0.998153805732727,
      "m09": 0.06073558330535889,
      "m10": 1.6845631023443275e-7,
      "m11": 0,
      "m12": -0.02032085880637169,
      "m13": -0.0014171458315104246,
      "m14": -3.678565230202935e-9,
      "m15": 1
    }
  ],
  "_hash": 160757450
}